"No.","Time","Source","Destination","Protocol","Info"
"1","0.000000","","","CDP","Device ID: PE11  Port ID: Serial0/0.101  "
"2","0.000143","","","CDP","Device ID: PE11  Port ID: Serial0/0.102  "
"3","0.000192","","","CDP","Device ID: PE11  Port ID: Serial0/0.111  "
"4","0.099589","","","CDP","Device ID: PE11  Port ID: Serial0/0.113  "
"5","0.324487","192.168.1.50","192.168.1.49","EIGRP","Update"
"6","0.325615","192.168.1.49","192.168.1.50","EIGRP","Update"
"7","0.334765","192.168.1.81","192.168.1.17","TCP","47861 > ldp [SYN] Seq=0 Win=4128 Len=0 MSS=536"
"8","0.340095","192.168.1.50","192.168.1.49","EIGRP","Update"
"9","0.342759","192.168.1.49","192.168.1.50","EIGRP","Update"
"10","0.343429","192.168.1.50","192.168.1.49","EIGRP","Acknowledge"
"11","0.378252","192.168.1.50","192.168.1.49","EIGRP","Update"
"12","0.378672","192.168.1.50","224.0.0.2","LDP","Hello Message "
"13","0.382202","192.168.1.49","192.168.1.50","EIGRP","Acknowledge"
"14","0.414242","192.168.1.50","192.168.1.49","EIGRP","Update"
"15","0.416413","192.168.1.49","192.168.1.50","EIGRP","Acknowledge"
"16","0.486855","192.168.1.50","192.168.1.49","EIGRP","Update"
"17","0.494469","192.168.1.49","192.168.1.50","EIGRP","Acknowledge"
"18","1.779948","192.168.1.50","224.0.0.2","LDP","Hello Message "
"19","2.327675","192.168.1.49","224.0.0.2","LDP","Hello Message "
"20","2.332383","192.168.1.81","192.168.1.17","TCP","47861 > ldp [SYN] Seq=0 Win=4128 Len=0 MSS=536"
"21","2.333927","192.168.1.17","192.168.1.81","TCP","ldp > 47861 [SYN, ACK] Seq=0 Ack=1 Win=4128 Len=0 MSS=536"
"22","2.334828","192.168.1.81","192.168.1.17","TCP","47861 > ldp [ACK] Seq=1 Ack=1 Win=4128 Len=0"
"23","2.366370","192.168.1.81","192.168.1.17","LDP","Initialization Message "
"24","2.374307","192.168.1.17","192.168.1.81","TCP","ldp > 47861 [ACK] Seq=1 Ack=37 Win=4092 Len=0"
"25","2.376230","192.168.1.17","192.168.1.81","LDP","Initialization Message Keep Alive Message "
"26","2.407367","192.168.1.81","192.168.1.17","TCP","47861 > ldp [ACK] Seq=37 Ack=45 Win=4084 Len=0"
"27","2.408682","192.168.1.81","192.168.1.17","LDP","Keep Alive Message "
"28","2.414184","192.168.1.17","192.168.1.81","TCP","ldp > 47861 [ACK] Seq=45 Ack=55 Win=4074 Len=0"
"29","2.417671","192.168.1.17","192.168.1.81","LDP","Address Message Label Mapping Message Label Mapping Message Label Mapping Message Label Mapping Message Label Mapping Message Label Mapping Message Label Mapping Message "
"30","2.449272","192.168.1.81","192.168.1.17","TCP","47861 > ldp [ACK] Seq=55 Ack=273 Win=3856 Len=0"
"31","2.449321","192.168.1.81","192.168.1.17","LDP","Address Message Label Mapping Message Label Mapping Message Label Mapping Message Label Mapping Message Label Mapping Message Label Mapping Message Label Mapping Message "
"32","2.451405","192.168.1.17","192.168.1.81","TCP","ldp > 47861 [ACK] Seq=273 Ack=287 Win=3842 Len=0"
"33","2.669819","192.168.1.50","224.0.0.10","EIGRP","Hello"
"34","2.831586","","","LMI","Status Enquiry"
"35","2.933619","192.168.1.49","224.0.0.10","EIGRP","Hello"
"36","6.136611","150.1.11.17","224.0.0.5","OSPF","Hello Packet"
"37","6.533794","192.168.1.49","224.0.0.2","LDP","Hello Message "
"38","6.782574","192.168.1.50","224.0.0.2","LDP","Hello Message "
"39","7.080996","192.168.1.50","224.0.0.10","EIGRP","Hello"
"40","7.406336","192.168.1.49","224.0.0.10","EIGRP","Hello"
"41","10.436381","192.168.1.49","224.0.0.2","LDP","Hello Message "
"42","11.476145","192.168.1.50","224.0.0.10","EIGRP","Hello"
"43","11.600658","192.168.1.50","224.0.0.2","LDP","Hello Message "
"44","11.634011","192.168.1.49","224.0.0.10","EIGRP","Hello"
"45","12.843126","","","LMI","Status Enquiry"
"46","14.407339","192.168.1.49","224.0.0.2","LDP","Hello Message "
"47","15.981241","192.168.1.50","224.0.0.2","LDP","Hello Message "
"48","16.110329","192.168.1.49","224.0.0.10","EIGRP","Hello"
"49","16.112288","192.168.1.50","224.0.0.10","EIGRP","Hello"
"50","16.133991","150.1.11.17","224.0.0.5","OSPF","Hello Packet"
"51","18.347915","192.168.1.49","224.0.0.2","LDP","Hello Message "
"52","20.642653","192.168.1.49","224.0.0.10","EIGRP","Hello"
"53","20.709214","192.168.1.50","224.0.0.2","LDP","Hello Message "
"54","20.709262","192.168.1.50","224.0.0.10","EIGRP","Hello"
"55","22.333969","192.168.1.49","224.0.0.2","LDP","Hello Message "
"56","22.853151","","","LMI","Status Enquiry"
"57","23.234076","150.1.11.33","150.1.11.34","TCP","64076 > bgp [SYN] Seq=0 Win=16384 Len=0 MSS=1460"
"58","23.236185","150.1.11.34","150.1.11.33","TCP","bgp > 64076 [SYN, ACK] Seq=0 Ack=1 Win=16384 Len=0 MSS=1460"
"59","23.241455","150.1.11.33","150.1.11.34","TCP","64076 > bgp [ACK] Seq=1 Ack=1 Win=16384 Len=0"
"60","23.244411","150.1.11.33","150.1.11.34","BGP","OPEN Message"
"61","23.246914","150.1.11.34","150.1.11.33","BGP","OPEN Message, KEEPALIVE Message"
"62","23.256141","150.1.11.33","150.1.11.34","BGP","KEEPALIVE Message"
"63","23.465333","150.1.11.34","150.1.11.33","TCP","bgp > 64076 [ACK] Seq=65 Ack=65 Win=16320 Len=0"
"64","24.961289","192.168.1.49","224.0.0.10","EIGRP","Hello"
"65","25.522187","192.168.1.50","224.0.0.10","EIGRP","Hello"
"66","25.522248","192.168.1.50","224.0.0.2","LDP","Hello Message "
"67","25.557122","192.168.1.17","192.168.1.33","TCP","51661 > bgp [SYN] Seq=0 Win=16384 Len=0 MSS=536"
"68","25.563163","192.168.1.33","192.168.1.17","TCP","bgp > 51661 [SYN, ACK] Seq=0 Ack=1 Win=16384 Len=0 MSS=536"
"69","25.564541","192.168.1.17","192.168.1.33","TCP","51661 > bgp [ACK] Seq=1 Ack=1 Win=16384 Len=0"
"70","25.569306","192.168.1.17","192.168.1.33","BGP","OPEN Message"
"71","25.581755","192.168.1.33","192.168.1.17","BGP","OPEN Message, KEEPALIVE Message"
"72","25.582723","192.168.1.17","192.168.1.33","BGP","KEEPALIVE Message"
"73","25.814459","192.168.1.33","192.168.1.17","TCP","bgp > 51661 [ACK] Seq=73 Ack=73 Win=16312 Len=0"
"74","26.169097","150.1.11.17","224.0.0.5","OSPF","Hello Packet"
"75","26.948155","192.168.1.49","224.0.0.2","LDP","Hello Message "
"76","27.576134","150.1.11.17","150.1.11.18","TCP","48404 > bgp [SYN] Seq=0 Win=16384 Len=0 MSS=1460"
"77","27.577244","150.1.11.18","150.1.11.17","TCP","bgp > 48404 [SYN, ACK] Seq=0 Ack=1 Win=16384 Len=0 MSS=1460"
"78","27.591901","150.1.11.17","150.1.11.18","TCP","48404 > bgp [ACK] Seq=1 Ack=1 Win=16384 Len=0"
"79","27.595621","150.1.11.17","150.1.11.18","BGP","OPEN Message"
"80","27.599768","150.1.11.18","150.1.11.17","BGP","OPEN Message, KEEPALIVE Message"
"81","27.603422","150.1.11.17","150.1.11.18","BGP","KEEPALIVE Message"
"82","27.812726","150.1.11.18","150.1.11.17","TCP","bgp > 48404 [ACK] Seq=65 Ack=65 Win=16320 Len=0"
"83","29.132349","150.1.11.49","150.1.11.50","TCP","36112 > bgp [SYN] Seq=0 Win=16384 Len=0 MSS=1460"
"84","29.133544","150.1.11.50","150.1.11.49","TCP","bgp > 36112 [SYN, ACK] Seq=0 Ack=1 Win=16384 Len=0 MSS=1460"
"85","29.136625","150.1.11.49","150.1.11.50","TCP","36112 > bgp [ACK] Seq=1 Ack=1 Win=16384 Len=0"
"86","29.138761","150.1.11.49","150.1.11.50","BGP","OPEN Message"
"87","29.151095","150.1.11.50","150.1.11.49","BGP","OPEN Message, KEEPALIVE Message"
"88","29.154574","150.1.11.49","150.1.11.50","BGP","KEEPALIVE Message"
"89","29.259862","192.168.1.49","224.0.0.10","EIGRP","Hello"
"90","29.374855","150.1.11.50","150.1.11.49","TCP","bgp > 36112 [ACK] Seq=65 Ack=65 Win=16320 Len=0"
"91","29.846981","192.168.1.50","224.0.0.10","EIGRP","Hello"
"92","30.344623","192.168.1.50","224.0.0.2","LDP","Hello Message "
"93","30.937775","192.168.1.49","224.0.0.2","LDP","Hello Message "
"94","32.883156","","","Q.933","STATUS ENQUIRY"
"95","32.883272","","","Q.933","STATUS"
"96","32.883630","","","Q.933","STATUS ENQUIRY"
"97","32.883707","","","LMI","Status Enquiry"
"98","42.858238","","","Q.933","STATUS ENQUIRY"
"99","42.860436","","","Q.933","STATUS"
"100","52.832114","","","Q.933","STATUS ENQUIRY"
"101","52.833271","","","Q.933","STATUS"
"102","52.993309","150.1.11.17","224.0.0.5","OSPF","Hello Packet"
"103","53.893451","192.168.1.49","224.0.0.2","LDP","Hello Message "
"104","54.471995","192.168.1.50","224.0.0.2","LDP","Hello Message "
"105","55.604253","192.168.1.49","224.0.0.10","EIGRP","Hello"
"106","55.607326","192.168.1.50","192.168.1.49","EIGRP","Update"
"107","55.666559","192.168.1.50","224.0.0.10","EIGRP","Hello"
"108","55.703364","192.168.1.49","192.168.1.50","EIGRP","Update"
"109","55.705530","192.168.1.49","224.0.0.10","EIGRP","Hello"
"110","57.141269","","","CDP","Device ID: CE12A  Port ID: Serial0/0.113  "
"111","57.193357","","","CDP","Device ID: PE11  Port ID: Serial0/0.101  "
"112","57.193557","","","CDP","Device ID: PE11  Port ID: Serial0/0.102  "
"113","57.199106","","","CDP","Device ID: PE11  Port ID: Serial0/0.111  "
"114","57.235076","","","CDP","Device ID: CE11B  Port ID: Serial0/0.102  "
"115","57.262946","","","CDP","Device ID: P11  Port ID: Serial0/0.111  "
"116","57.300198","","","CDP","Device ID: PE11  Port ID: Serial0/0.113  "
"117","57.312998","","","CDP","Device ID: CE11A  Port ID: Serial0/0.101  "
"118","57.601323","192.168.1.50","192.168.1.49","EIGRP","Update"
"119","57.602820","192.168.1.49","192.168.1.50","EIGRP","Update"
"120","57.607115","192.168.1.50","192.168.1.49","EIGRP","Update"
"121","57.616431","192.168.1.49","192.168.1.50","EIGRP","Update"
"122","57.626646","192.168.1.50","192.168.1.49","EIGRP","Update"
"123","57.825090","192.168.1.50","192.168.1.49","EIGRP","Update"
"124","57.839927","192.168.1.49","192.168.1.50","EIGRP","Acknowledge"
"125","57.846567","192.168.1.50","192.168.1.49","EIGRP","Update"
"126","57.879675","192.168.1.49","192.168.1.50","EIGRP","Acknowledge"
"127","57.890982","192.168.1.50","192.168.1.49","EIGRP","Update"
"128","57.897311","192.168.1.49","192.168.1.50","EIGRP","Acknowledge"
"129","58.141234","","","CDP","Device ID: CE12A  Port ID: Serial0/0.113  "
"130","58.212389","","","CDP","Device ID: PE11  Port ID: Serial0/0.101  "
"131","58.212510","","","CDP","Device ID: PE11  Port ID: Serial0/0.102  "
"132","58.212549","","","CDP","Device ID: PE11  Port ID: Serial0/0.111  "
"133","58.255823","","","CDP","Device ID: CE11B  Port ID: Serial0/0.102  "
"134","58.276855","","","CDP","Device ID: P11  Port ID: Serial0/0.111  "
"135","58.295769","","","CDP","Device ID: CE11A  Port ID: Serial0/0.101  "
"136","58.296438","","","CDP","Device ID: PE11  Port ID: Serial0/0.113  "
"137","58.615505","192.168.1.49","224.0.0.2","LDP","Hello Message "
"138","58.650022","192.168.1.81","192.168.1.17","TCP","53606 > ldp [SYN] Seq=0 Win=4128 Len=0 MSS=536"
"139","58.653026","192.168.1.17","192.168.1.81","TCP","ldp > 53606 [SYN, ACK] Seq=0 Ack=1 Win=4128 Len=0 MSS=536"
"140","58.685161","192.168.1.81","192.168.1.17","TCP","53606 > ldp [ACK] Seq=1 Ack=1 Win=4128 Len=0"
"141","58.685214","192.168.1.81","192.168.1.17","LDP","Initialization Message "
"142","58.691910","192.168.1.17","192.168.1.81","LDP","Initialization Message Keep Alive Message "
"143","58.693205","192.168.1.81","192.168.1.17","TCP","53606 > ldp [ACK] Seq=37 Ack=45 Win=4084 Len=0"
"144","58.725102","192.168.1.81","192.168.1.17","LDP","Address Message Label Mapping Message Label Mapping Message Label Mapping Message Label Mapping Message Label Mapping Message Label Mapping Message Label Mapping Message "
"145","58.725973","192.168.1.17","192.168.1.81","TCP","ldp > 53606 [ACK] Seq=45 Ack=287 Win=3842 Len=0"
"146","58.735588","192.168.1.17","192.168.1.81","LDP","Address Message Label Mapping Message Label Mapping Message Label Mapping Message Label Mapping Message Label Mapping Message Label Mapping Message Label Mapping Message "
"147","58.738243","192.168.1.81","192.168.1.17","TCP","53606 > ldp [ACK] Seq=287 Ack=273 Win=3856 Len=0"
"148","59.366126","192.168.1.50","224.0.0.2","LDP","Hello Message "
"149","60.113491","192.168.1.49","224.0.0.10","EIGRP","Hello"
"150","60.243085","192.168.1.17","192.168.1.33","BGP","KEEPALIVE Message"
"151","60.282574","192.168.1.50","224.0.0.10","EIGRP","Hello"
"152","60.444094","192.168.1.33","192.168.1.17","TCP","[TCP Previous segment lost] bgp > 51661 [ACK] Seq=92 Ack=92 Win=16293 Len=0"
"153","60.886184","192.168.1.33","192.168.1.17","BGP","[TCP Retransmission] KEEPALIVE Message"
"154","61.111441","192.168.1.17","192.168.1.33","TCP","51661 > bgp [ACK] Seq=92 Ack=92 Win=16293 Len=0"
"155","62.843465","","","Q.933","STATUS ENQUIRY"
"156","62.844800","","","Q.933","STATUS"
"157","62.886394","150.1.11.17","224.0.0.5","OSPF","Hello Packet"
"158","63.096062","192.168.1.49","224.0.0.2","LDP","Hello Message "
"159","63.506412","192.168.1.50","224.0.0.2","LDP","Hello Message "
"160","64.612274","192.168.1.49","224.0.0.10","EIGRP","Hello"
"161","64.799455","192.168.1.50","224.0.0.10","EIGRP","Hello"
"162","67.226605","192.168.1.49","224.0.0.2","LDP","Hello Message "
"163","68.302561","192.168.1.50","224.0.0.2","LDP","Hello Message "
"164","69.123972","192.168.1.49","224.0.0.10","EIGRP","Hello"
"165","69.379415","192.168.1.50","224.0.0.10","EIGRP","Hello"
"166","71.025276","192.168.1.49","224.0.0.2","LDP","Hello Message "
"167","72.388021","192.168.1.50","224.0.0.2","LDP","Hello Message "
"168","72.863817","","","Q.933","STATUS ENQUIRY"
"169","72.865315","","","Q.933","STATUS"
"170","73.002816","150.1.11.17","224.0.0.5","OSPF","Hello Packet"
"171","73.683460","192.168.1.50","224.0.0.10","EIGRP","Hello"
"172","73.844864","192.168.1.49","224.0.0.10","EIGRP","Hello"
"173","75.550719","192.168.1.49","224.0.0.2","LDP","Hello Message "
"174","77.102377","192.168.1.50","224.0.0.2","LDP","Hello Message "
"175","78.407091","150.1.11.49","150.1.11.50","TCP","38417 > bgp [SYN] Seq=0 Win=16384 Len=0 MSS=1460"
"176","78.440406","150.1.11.50","150.1.11.49","TCP","bgp > 38417 [SYN, ACK] Seq=0 Ack=1 Win=16384 Len=0 MSS=1460"
"177","78.441104","192.168.1.49","224.0.0.10","EIGRP","Hello"
"178","78.447509","150.1.11.49","150.1.11.50","TCP","38417 > bgp [ACK] Seq=1 Ack=1 Win=16384 Len=0"
"179","78.448152","150.1.11.49","150.1.11.50","BGP","OPEN Message"
"180","78.450791","150.1.11.50","150.1.11.49","BGP","OPEN Message, KEEPALIVE Message"
"181","78.453380","150.1.11.49","150.1.11.50","BGP","KEEPALIVE Message"
"182","78.504227","192.168.1.50","224.0.0.10","EIGRP","Hello"
"183","78.670983","150.1.11.50","150.1.11.49","TCP","bgp > 38417 [ACK] Seq=65 Ack=65 Win=16320 Len=0"
"184","79.829350","192.168.1.49","224.0.0.2","LDP","Hello Message "
"185","80.151606","150.1.11.34","150.1.11.33","TCP","45891 > bgp [SYN] Seq=0 Win=16384 Len=0 MSS=1460"
"186","80.167995","150.1.11.33","150.1.11.34","TCP","bgp > 45891 [SYN, ACK] Seq=0 Ack=1 Win=16384 Len=0 MSS=1460"
"187","80.169692","150.1.11.34","150.1.11.33","TCP","45891 > bgp [ACK] Seq=1 Ack=1 Win=16384 Len=0"
"188","80.174745","150.1.11.34","150.1.11.33","BGP","OPEN Message"
"189","80.177290","150.1.11.33","150.1.11.34","BGP","OPEN Message, KEEPALIVE Message"
"190","80.180130","150.1.11.34","150.1.11.33","BGP","KEEPALIVE Message"
"191","80.389249","150.1.11.33","150.1.11.34","TCP","bgp > 45891 [ACK] Seq=65 Ack=65 Win=16320 Len=0"
"192","80.617154","192.168.1.17","192.168.1.81","LDP","Address Withdrawal Message Notification Message Notification Message "
"193","80.619443","192.168.1.81","192.168.1.17","TCP","47861 > ldp [RST] Seq=287 Win=3856 Len=0"
"194","81.490094","192.168.1.50","224.0.0.2","LDP","Hello Message "
"195","82.786179","192.168.1.50","224.0.0.10","EIGRP","Hello"
"196","82.829411","","","Q.933","STATUS ENQUIRY"
"197","82.829524","","","Q.933","STATUS"
"198","82.990295","150.1.11.17","224.0.0.5","OSPF","Hello Packet"
"199","83.433305","192.168.1.49","224.0.0.10","EIGRP","Hello"
"200","83.733363","192.168.1.49","224.0.0.2","LDP","Hello Message "
"201","83.760451","150.1.11.17","150.1.11.18","TCP","46428 > bgp [SYN] Seq=0 Win=16384 Len=0 MSS=1460"
"202","83.761377","150.1.11.18","150.1.11.17","TCP","bgp > 46428 [SYN, ACK] Seq=0 Ack=1 Win=16384 Len=0 MSS=1460"
"203","83.764587","150.1.11.17","150.1.11.18","TCP","46428 > bgp [ACK] Seq=1 Ack=1 Win=16384 Len=0"
"204","83.778586","150.1.11.17","150.1.11.18","BGP","OPEN Message"
"205","83.781892","150.1.11.18","150.1.11.17","BGP","OPEN Message, KEEPALIVE Message"
"206","83.784645","150.1.11.17","150.1.11.18","BGP","KEEPALIVE Message"
"207","84.000011","150.1.11.18","150.1.11.17","TCP","bgp > 46428 [ACK] Seq=65 Ack=65 Win=16320 Len=0"
"208","85.594927","192.168.1.50","224.0.0.2","LDP","Hello Message "
"209","85.632587","192.168.1.17","192.168.1.33","BGP","KEEPALIVE Message"
"210","85.712692","192.168.1.33","192.168.1.17","BGP","KEEPALIVE Message"
"211","85.935015","192.168.1.17","192.168.1.33","TCP","51661 > bgp [ACK] Seq=111 Ack=111 Win=16274 Len=0"
"212","87.608076","192.168.1.50","224.0.0.10","EIGRP","Hello"
"213","87.848799","192.168.1.49","224.0.0.2","LDP","Hello Message "
"214","88.340089","192.168.1.49","224.0.0.10","EIGRP","Hello"
"215","90.394438","192.168.1.50","224.0.0.2","LDP","Hello Message "
"216","91.863940","192.168.1.49","224.0.0.2","LDP","Hello Message "
"217","92.301624","192.168.1.50","224.0.0.10","EIGRP","Hello"
"218","92.749970","192.168.1.49","224.0.0.10","EIGRP","Hello"
"219","92.853927","","","Q.933","STATUS ENQUIRY"
"220","92.856056","","","Q.933","STATUS"
"221","92.911041","150.1.11.17","224.0.0.5","OSPF","Hello Packet"
"222","94.694175","192.168.1.50","224.0.0.2","LDP","Hello Message "
"223","95.856434","192.168.1.49","224.0.0.2","LDP","Hello Message "
"224","96.891330","192.168.1.50","224.0.0.10","EIGRP","Hello"
"225","97.666886","192.168.1.49","224.0.0.10","EIGRP","Hello"
"226","98.599595","192.168.1.50","224.0.0.2","LDP","Hello Message "
"227","100.569161","192.168.1.49","224.0.0.2","LDP","Hello Message "
"228","101.408063","192.168.1.50","224.0.0.10","EIGRP","Hello"
"229","102.072544","192.168.1.49","224.0.0.10","EIGRP","Hello"
"230","102.602400","192.168.1.50","224.0.0.2","LDP","Hello Message "
"231","102.847546","","","Q.933","STATUS ENQUIRY"
"232","102.848625","","","Q.933","STATUS"
"233","102.932549","150.1.11.17","224.0.0.5","OSPF","Hello Packet"
"234","105.576441","192.168.1.49","224.0.0.2","LDP","Hello Message "
"235","105.923653","192.168.1.50","224.0.0.10","EIGRP","Hello"
"236","106.978249","192.168.1.49","224.0.0.10","EIGRP","Hello"
"237","107.510617","192.168.1.50","224.0.0.2","LDP","Hello Message "
"238","108.592987","150.1.11.49","150.1.11.50","BGP","KEEPALIVE Message"
"239","108.598982","150.1.11.50","150.1.11.49","BGP","KEEPALIVE Message"
"240","108.613783","150.1.11.49","150.1.11.50","BGP","UPDATE Message"
"241","108.837651","150.1.11.50","150.1.11.49","TCP","bgp > 38417 [ACK] Seq=84 Ack=147 Win=16238 Len=0"
"242","110.254970","150.1.11.33","150.1.11.34","BGP","KEEPALIVE Message"
"243","110.256420","150.1.11.34","150.1.11.33","BGP","KEEPALIVE Message"
"244","110.385225","192.168.1.49","224.0.0.2","LDP","Hello Message "
"245","110.458528","150.1.11.33","150.1.11.34","TCP","bgp > 45891 [ACK] Seq=84 Ack=84 Win=16301 Len=0"
"246","110.817884","192.168.1.50","224.0.0.10","EIGRP","Hello"
"247","111.308593","192.168.1.49","224.0.0.10","EIGRP","Hello"
"248","111.610965","192.168.1.17","192.168.1.81","LDP","Keep Alive Message "
"249","111.612149","192.168.1.81","192.168.1.17","TCP","53606 > ldp [ACK] Seq=287 Ack=291 Win=3838 Len=0"
"250","112.109403","192.168.1.50","224.0.0.2","LDP","Hello Message "
"251","112.852235","","","Q.933","STATUS ENQUIRY"
"252","112.852378","","","Q.933","STATUS"
"253","112.946581","150.1.11.17","224.0.0.5","OSPF","Hello Packet"
"254","113.843662","150.1.11.17","150.1.11.18","BGP","KEEPALIVE Message"
"255","113.845808","150.1.11.18","150.1.11.17","BGP","KEEPALIVE Message"
"256","113.872592","150.1.11.17","150.1.11.18","BGP","UPDATE Message"
"257","114.077592","150.1.11.18","150.1.11.17","TCP","bgp > 46428 [ACK] Seq=84 Ack=147 Win=16238 Len=0"
"258","114.182234","192.168.1.49","224.0.0.2","LDP","Hello Message "
"259","115.206038","192.168.1.50","224.0.0.10","EIGRP","Hello"
"260","116.293282","192.168.1.49","224.0.0.10","EIGRP","Hello"
"261","116.922169","192.168.1.50","224.0.0.2","LDP","Hello Message "
"262","116.953590","192.168.1.81","192.168.1.17","LDP","Keep Alive Message "
"263","116.954567","192.168.1.17","192.168.1.81","TCP","ldp > 53606 [ACK] Seq=291 Ack=305 Win=3824 Len=0"
"264","117.830282","150.1.11.33","150.1.11.34","BGP","UPDATE Message"
"265","118.017845","150.1.11.34","150.1.11.33","TCP","45891 > bgp [ACK] Seq=84 Ack=152 Win=16233 Len=0"
"266","118.080100","","","CDP","Device ID: CE12A  Port ID: Serial0/0.113  "
"267","118.213461","","","CDP","Device ID: CE11B  Port ID: Serial0/0.102  "
"268","118.214096","","","CDP","Device ID: PE11  Port ID: Serial0/0.101  "
"269","118.214147","","","CDP","Device ID: PE11  Port ID: Serial0/0.102  "
"270","118.214184","","","CDP","Device ID: PE11  Port ID: Serial0/0.111  "
"271","118.226408","","","CDP","Device ID: CE11A  Port ID: Serial0/0.101  "
"272","118.247464","","","CDP","Device ID: P11  Port ID: Serial0/0.111  "
"273","118.286414","","","CDP","Device ID: PE11  Port ID: Serial0/0.113  "
"274","118.286707","192.168.1.49","224.0.0.2","LDP","Hello Message "
"275","118.939683","150.1.11.18","150.1.11.17","BGP","UPDATE Message, UPDATE Message"
"276","118.945393","150.1.11.50","150.1.11.49","BGP","UPDATE Message, UPDATE Message"
"277","118.945604","192.168.1.17","192.168.1.33","BGP","UPDATE Message, UPDATE Message, UPDATE Message, UPDATE Message"
"278","118.950825","192.168.1.33","192.168.1.17","TCP","bgp > 51661 [ACK] Seq=111 Ack=647 Win=16384 Len=0"
"279","118.953890","192.168.1.17","192.168.1.33","BGP","UPDATE Message"
"280","118.954346","192.168.1.17","192.168.1.33","BGP","UPDATE Message"
"281","119.049499","192.168.1.33","192.168.1.17","BGP","UPDATE Message, UPDATE Message, UPDATE Message, UPDATE Message"
"282","119.050759","192.168.1.17","192.168.1.33","TCP","51661 > bgp [ACK] Seq=785 Ack=555 Win=16384 Len=0"
"283","119.061721","192.168.1.17","192.168.1.33","BGP","UPDATE Message"
"284","119.130118","150.1.11.17","150.1.11.18","TCP","46428 > bgp [ACK] Seq=147 Ack=185 Win=16200 Len=0"
"285","119.174245","150.1.11.49","150.1.11.50","TCP","38417 > bgp [ACK] Seq=147 Ack=185 Win=16200 Len=0"
"286","119.277086","192.168.1.33","192.168.1.17","TCP","bgp > 51661 [ACK] Seq=555 Ack=862 Win=16169 Len=0"
"287","119.646797","192.168.1.50","224.0.0.10","EIGRP","Hello"
"288","121.208043","192.168.1.49","224.0.0.10","EIGRP","Hello"
"289","121.249302","192.168.1.50","224.0.0.2","LDP","Hello Message "
"290","122.864433","","","Q.933","STATUS ENQUIRY"
"291","122.865623","","","Q.933","STATUS"
"292","122.959408","150.1.11.17","224.0.0.5","OSPF","Hello Packet"
"293","123.186250","192.168.1.49","224.0.0.2","LDP","Hello Message "
"294","124.233101","192.168.1.50","224.0.0.10","EIGRP","Hello"
"295","125.638818","192.168.1.50","224.0.0.2","LDP","Hello Message "
"296","126.016622","192.168.1.49","224.0.0.10","EIGRP","Hello"
"297","127.204151","192.168.1.49","224.0.0.2","LDP","Hello Message "
"298","129.144471","192.168.1.50","224.0.0.10","EIGRP","Hello"
"299","129.556254","192.168.1.50","224.0.0.2","LDP","Hello Message "
"300","130.611581","192.168.1.49","224.0.0.10","EIGRP","Hello"
"301","131.200667","192.168.1.49","224.0.0.2","LDP","Hello Message "
"302","132.833086","","","Q.933","STATUS ENQUIRY"
"303","132.835678","","","Q.933","STATUS"
"304","132.961336","150.1.11.17","224.0.0.5","OSPF","Hello Packet"
"305","133.180645","150.1.11.34","150.1.11.33","BGP","UPDATE Message, UPDATE Message"
"306","133.381230","150.1.11.33","150.1.11.34","TCP","bgp > 45891 [ACK] Seq=152 Ack=185 Win=16200 Len=0"
"307","134.058476","192.168.1.50","224.0.0.10","EIGRP","Hello"
"308","134.450137","192.168.1.50","224.0.0.2","LDP","Hello Message "
"309","134.996202","192.168.1.49","224.0.0.10","EIGRP","Hello"
"310","135.111282","192.168.1.49","224.0.0.2","LDP","Hello Message "
"311","138.598028","150.1.11.49","150.1.11.50","BGP","KEEPALIVE Message"
"312","138.598782","150.1.11.50","150.1.11.49","BGP","KEEPALIVE Message"
"313","138.718238","150.1.11.49","150.1.11.50","BGP","UPDATE Message"
"314","138.858946","192.168.1.50","224.0.0.10","EIGRP","Hello"
"315","138.941496","150.1.11.50","150.1.11.49","TCP","bgp > 38417 [ACK] Seq=204 Ack=233 Win=16152 Len=0"
"316","139.374246","192.168.1.50","224.0.0.2","LDP","Hello Message "
"317","139.614516","192.168.1.49","224.0.0.10","EIGRP","Hello"
"318","139.902652","192.168.1.49","224.0.0.2","LDP","Hello Message "
"319","140.257073","150.1.11.33","150.1.11.34","BGP","KEEPALIVE Message"
"320","140.258943","150.1.11.34","150.1.11.33","BGP","KEEPALIVE Message"
"321","140.462576","150.1.11.33","150.1.11.34","TCP","bgp > 45891 [ACK] Seq=171 Ack=204 Win=16181 Len=0"
"322","142.844124","","","Q.933","STATUS ENQUIRY"
"323","142.845286","","","Q.933","STATUS"
"324","142.924204","150.1.11.17","224.0.0.5","OSPF","Hello Packet"
"325","143.574165","192.168.1.50","224.0.0.10","EIGRP","Hello"
"326","143.845255","150.1.11.17","150.1.11.18","BGP","KEEPALIVE Message"
"327","143.848209","150.1.11.18","150.1.11.17","BGP","KEEPALIVE Message"
"328","143.914995","192.168.1.49","224.0.0.10","EIGRP","Hello"
"329","143.980588","192.168.1.50","224.0.0.2","LDP","Hello Message "
"330","144.059921","150.1.11.17","150.1.11.18","TCP","46428 > bgp [ACK] Seq=166 Ack=204 Win=16181 Len=0"
"331","144.891528","192.168.1.49","224.0.0.2","LDP","Hello Message "
"332","145.636372","192.168.1.17","192.168.1.33","BGP","KEEPALIVE Message"
"333","145.645306","192.168.1.33","192.168.1.17","BGP","KEEPALIVE Message"
"334","145.843261","192.168.1.17","192.168.1.33","TCP","51661 > bgp [ACK] Seq=881 Ack=574 Win=16365 Len=0"
"335","148.290555","192.168.1.50","224.0.0.10","EIGRP","Hello"
"336","148.599617","192.168.1.50","224.0.0.2","LDP","Hello Message "
"337","148.705206","192.168.1.49","224.0.0.10","EIGRP","Hello"
"338","148.705311","192.168.1.49","224.0.0.2","LDP","Hello Message "
"339","149.767723","150.1.11.18","150.1.11.17","BGP","UPDATE Message, UPDATE Message, UPDATE Message, UPDATE Message"
"340","149.768016","150.1.11.50","150.1.11.49","BGP","UPDATE Message, UPDATE Message"
"341","149.955954","150.1.11.49","150.1.11.50","TCP","38417 > bgp [ACK] Seq=233 Ack=305 Win=16080 Len=0"
"342","149.964579","150.1.11.17","150.1.11.18","TCP","46428 > bgp [ACK] Seq=166 Ack=406 Win=15979 Len=0"
"343","152.503361","192.168.1.49","224.0.0.2","LDP","Hello Message "
"344","152.692628","192.168.1.50","224.0.0.10","EIGRP","Hello"
"345","152.858886","","","Q.933","STATUS ENQUIRY"
"346","152.859691","","","Q.933","STATUS"
"347","152.960292","150.1.11.17","224.0.0.5","OSPF","Hello Packet"
"348","153.228038","192.168.1.49","224.0.0.10","EIGRP","Hello"
"349","153.298286","192.168.1.50","224.0.0.2","LDP","Hello Message "
"350","156.713403","192.168.1.49","224.0.0.2","LDP","Hello Message "
"351","157.507294","192.168.1.50","224.0.0.10","EIGRP","Hello"
"352","157.621537","192.168.1.49","224.0.0.10","EIGRP","Hello"
"353","158.006339","192.168.1.50","224.0.0.2","LDP","Hello Message "
"354","160.542068","10.1.11.49","10.2.12.49","ICMP","Echo (ping) request"
"355","160.542551","10.1.11.49","10.2.12.49","ICMP","Echo (ping) request"
"356","160.558401","10.2.12.49","10.1.11.49","ICMP","Echo (ping) reply"
"357","160.560091","10.2.12.49","10.1.11.49","ICMP","Echo (ping) reply"
"358","160.563182","10.1.11.49","10.2.12.49","ICMP","Echo (ping) request"
"359","160.572979","10.1.11.49","10.2.12.49","ICMP","Echo (ping) request"
"360","160.583824","10.2.12.49","10.1.11.49","ICMP","Echo (ping) reply"
"361","160.587573","10.2.12.49","10.1.11.49","ICMP","Echo (ping) reply"
"362","160.591202","10.1.11.49","10.2.12.49","ICMP","Echo (ping) request"
"363","160.593351","10.1.11.49","10.2.12.49","ICMP","Echo (ping) request"
"364","160.598483","10.2.12.49","10.1.11.49","ICMP","Echo (ping) reply"
"365","160.607409","10.2.12.49","10.1.11.49","ICMP","Echo (ping) reply"
"366","160.610966","10.1.11.49","10.2.12.49","ICMP","Echo (ping) request"
"367","160.613882","10.1.11.49","10.2.12.49","ICMP","Echo (ping) request"
"368","160.619105","10.2.12.49","10.1.11.49","ICMP","Echo (ping) reply"
"369","160.621389","10.2.12.49","10.1.11.49","ICMP","Echo (ping) reply"
"370","160.624173","10.1.11.49","10.2.12.49","ICMP","Echo (ping) request"
"371","160.626482","10.1.11.49","10.2.12.49","ICMP","Echo (ping) request"
"372","160.630859","10.2.12.49","10.1.11.49","ICMP","Echo (ping) reply"
"373","160.636214","10.2.12.49","10.1.11.49","ICMP","Echo (ping) reply"
"374","161.319913","192.168.1.49","224.0.0.2","LDP","Hello Message "
"375","161.930664","192.168.1.49","224.0.0.10","EIGRP","Hello"
"376","161.981836","10.1.11.49","10.2.12.49","ICMP","Echo (ping) request"
"377","161.982148","10.1.11.49","10.2.12.49","ICMP","Echo (ping) request"
"378","161.997911","10.2.12.49","10.1.11.49","ICMP","Echo (ping) reply"
"379","161.998577","10.2.12.49","10.1.11.49","ICMP","Echo (ping) reply"
"380","162.003942","10.1.11.49","10.2.12.49","ICMP","Echo (ping) request"
"381","162.005330","10.1.11.49","10.2.12.49","ICMP","Echo (ping) request"
"382","162.018019","10.2.12.49","10.1.11.49","ICMP","Echo (ping) reply"
"383","162.022646","10.2.12.49","10.1.11.49","ICMP","Echo (ping) reply"
"384","162.026909","10.1.11.49","10.2.12.49","ICMP","Echo (ping) request"
"385","162.027925","10.1.11.49","10.2.12.49","ICMP","Echo (ping) request"
"386","162.045921","10.2.12.49","10.1.11.49","ICMP","Echo (ping) reply"
"387","162.049300","10.2.12.49","10.1.11.49","ICMP","Echo (ping) reply"
"388","162.052939","10.1.11.49","10.2.12.49","ICMP","Echo (ping) request"
"389","162.054292","10.1.11.49","10.2.12.49","ICMP","Echo (ping) request"
"390","162.060680","10.2.12.49","10.1.11.49","ICMP","Echo (ping) reply"
"391","162.067266","10.2.12.49","10.1.11.49","ICMP","Echo (ping) reply"
"392","162.069752","10.1.11.49","10.2.12.49","ICMP","Echo (ping) request"
"393","162.071625","10.1.11.49","10.2.12.49","ICMP","Echo (ping) request"
"394","162.076668","10.2.12.49","10.1.11.49","ICMP","Echo (ping) reply"
"395","162.081721","10.2.12.49","10.1.11.49","ICMP","Echo (ping) reply"
"396","162.142150","192.168.1.50","224.0.0.10","EIGRP","Hello"
"397","162.142195","192.168.1.50","224.0.0.2","LDP","Hello Message "
"398","162.449258","10.1.11.49","10.2.12.49","ICMP","Echo (ping) request"
"399","162.449455","10.1.11.49","10.2.12.49","ICMP","Echo (ping) request"
"400","162.459954","10.2.12.49","10.1.11.49","ICMP","Echo (ping) reply"
"401","162.461296","10.2.12.49","10.1.11.49","ICMP","Echo (ping) reply"
"402","162.464116","10.1.11.49","10.2.12.49","ICMP","Echo (ping) request"
"403","162.466181","10.1.11.49","10.2.12.49","ICMP","Echo (ping) request"
"404","162.474669","10.2.12.49","10.1.11.49","ICMP","Echo (ping) reply"
"405","162.486082","10.2.12.49","10.1.11.49","ICMP","Echo (ping) reply"
"406","162.488894","10.1.11.49","10.2.12.49","ICMP","Echo (ping) request"
"407","162.491387","10.1.11.49","10.2.12.49","ICMP","Echo (ping) request"
"408","162.497958","10.2.12.49","10.1.11.49","ICMP","Echo (ping) reply"
"409","162.499006","10.2.12.49","10.1.11.49","ICMP","Echo (ping) reply"
"410","162.501873","10.1.11.49","10.2.12.49","ICMP","Echo (ping) request"
"411","162.505421","10.1.11.49","10.2.12.49","ICMP","Echo (ping) request"
"412","162.514528","10.2.12.49","10.1.11.49","ICMP","Echo (ping) reply"
"413","162.521285","10.2.12.49","10.1.11.49","ICMP","Echo (ping) reply"
"414","162.524129","10.1.11.49","10.2.12.49","ICMP","Echo (ping) request"
"415","162.525320","10.1.11.49","10.2.12.49","ICMP","Echo (ping) request"
"416","162.530938","10.2.12.49","10.1.11.49","ICMP","Echo (ping) reply"
"417","162.534581","10.2.12.49","10.1.11.49","ICMP","Echo (ping) reply"
"418","162.854419","","","Q.933","STATUS ENQUIRY"
"419","162.855901","","","Q.933","STATUS"
"420","162.989332","150.1.11.17","224.0.0.5","OSPF","Hello Packet"
"421","164.494190","192.168.1.17","192.168.1.81","LDP","Keep Alive Message "
"422","164.497285","192.168.1.81","192.168.1.17","TCP","53606 > ldp [ACK] Seq=305 Ack=309 Win=3820 Len=0"
"423","165.949306","192.168.1.81","192.168.1.17","LDP","Keep Alive Message "
"424","165.952626","192.168.1.17","192.168.1.81","TCP","ldp > 53606 [ACK] Seq=309 Ack=323 Win=3806 Len=0"
"425","166.022031","192.168.1.49","224.0.0.2","LDP","Hello Message "
"426","166.364320","192.168.1.50","224.0.0.2","LDP","Hello Message "
"427","166.502864","192.168.1.49","224.0.0.10","EIGRP","Hello"
"428","166.658555","192.168.1.50","224.0.0.10","EIGRP","Hello"
"429","170.543829","192.168.1.49","224.0.0.2","LDP","Hello Message "
"430","171.169053","192.168.1.50","224.0.0.2","LDP","Hello Message "
"431","171.451399","192.168.1.49","224.0.0.10","EIGRP","Hello"
"432","171.581469","192.168.1.50","224.0.0.10","EIGRP","Hello"
"433","172.448133","150.1.11.17","10.2.12.49","TCP","51056 > telnet [SYN] Seq=0 Win=4128 Len=0 MSS=536"
"434","172.448340","150.1.11.17","10.2.12.49","TCP","51056 > telnet [SYN] Seq=0 Win=4128 Len=0 MSS=536"
"435","172.459640","10.2.12.49","150.1.11.17","TCP","telnet > 51056 [SYN, ACK] Seq=0 Ack=1 Win=4128 Len=0 MSS=536"
"436","172.462003","10.2.12.49","150.1.11.17","TCP","telnet > 51056 [SYN, ACK] Seq=0 Ack=1 Win=4128 Len=0 MSS=536"
"437","172.464841","150.1.11.17","10.2.12.49","TCP","51056 > telnet [ACK] Seq=1 Ack=1 Win=4128 Len=0"
"438","172.465145","150.1.11.17","10.2.12.49","TELNET","Telnet Data ..."
"439","172.465937","150.1.11.17","10.2.12.49","TCP","[TCP Dup ACK 438#1] 51056 > telnet [ACK] Seq=10 Ack=1 Win=4128 Len=0"
"440","172.466770","150.1.11.17","10.2.12.49","TCP","51056 > telnet [ACK] Seq=1 Ack=1 Win=4128 Len=0"
"441","172.467836","150.1.11.17","10.2.12.49","TELNET","[TCP Out-Of-Order] Telnet Data ..."
"442","172.479706","150.1.11.17","10.2.12.49","TCP","[TCP Dup ACK 441#1] 51056 > telnet [ACK] Seq=10 Ack=1 Win=4128 Len=0"
"443","172.490882","10.2.12.49","150.1.11.17","TELNET","Telnet Data ..."
"444","172.493353","10.2.12.49","150.1.11.17","TELNET","[TCP Out-Of-Order] Telnet Data ..."
"445","172.495533","150.1.11.17","10.2.12.49","TELNET","Telnet Data ..."
"446","172.498353","150.1.11.17","10.2.12.49","TELNET","[TCP Out-Of-Order] Telnet Data ..."
"447","172.501342","150.1.11.17","10.2.12.49","TELNET","Telnet Data ..."
"448","172.501523","150.1.11.17","10.2.12.49","TELNET","Telnet Data ..."
"449","172.512141","10.2.12.49","150.1.11.17","TELNET","Telnet Data ..."
"450","172.518383","150.1.11.17","10.2.12.49","TELNET","[TCP Retransmission] Telnet Data ..."
"451","172.519554","150.1.11.17","10.2.12.49","TELNET","[TCP Retransmission] Telnet Data ..."
"452","172.519942","10.2.12.49","150.1.11.17","TELNET","[TCP Retransmission] Telnet Data ..."
"453","172.528642","10.2.12.49","150.1.11.17","TELNET","Telnet Data ..."
"454","172.528668","10.2.12.49","150.1.11.17","TELNET","Telnet Data ..."
"455","172.528685","10.2.12.49","150.1.11.17","TELNET","Telnet Data ..."
"456","172.530310","10.2.12.49","150.1.11.17","TELNET","[TCP Out-Of-Order] Telnet Data ..."
"457","172.530366","10.2.12.49","150.1.11.17","TELNET","[TCP Out-Of-Order] Telnet Data ..."
"458","172.530411","10.2.12.49","150.1.11.17","TELNET","[TCP Out-Of-Order] Telnet Data ..."
"459","172.724049","150.1.11.17","10.2.12.49","TCP","51056 > telnet [ACK] Seq=25 Ack=67 Win=4062 Len=0"
"460","172.724308","150.1.11.17","10.2.12.49","TCP","[TCP Dup ACK 459#1] 51056 > telnet [ACK] Seq=25 Ack=67 Win=4062 Len=0"
"461","172.774393","10.2.12.49","150.1.11.17","TCP","telnet > 51056 [ACK] Seq=67 Ack=25 Win=4104 Len=0"
"462","172.775739","10.2.12.49","150.1.11.17","TCP","[TCP Dup ACK 461#1] telnet > 51056 [ACK] Seq=67 Ack=25 Win=4104 Len=0"
"463","172.841795","","","Q.933","STATUS ENQUIRY"
"464","172.842224","","","Q.933","STATUS"
"465","172.992486","150.1.11.17","224.0.0.5","OSPF","Hello Packet"
"466","173.354689","150.1.11.17","10.2.12.49","TELNET","Telnet Data ..."
"467","173.354876","150.1.11.17","10.2.12.49","TCP","[TCP Keep-Alive] 51056 > telnet [PSH, ACK] Seq=25 Ack=67 Win=4062 Len=1"
"468","173.568148","10.2.12.49","150.1.11.17","TCP","telnet > 51056 [ACK] Seq=67 Ack=26 Win=4103 Len=0"
"469","173.570381","10.2.12.49","150.1.11.17","TCP","[TCP Keep-Alive ACK] telnet > 51056 [ACK] Seq=67 Ack=26 Win=4103 Len=0"
"470","173.613092","150.1.11.17","10.2.12.49","TELNET","Telnet Data ..."
"471","173.615186","150.1.11.17","10.2.12.49","TCP","[TCP Keep-Alive] 51056 > telnet [PSH, ACK] Seq=26 Ack=67 Win=4062 Len=1"
"472","173.648013","150.1.11.17","10.2.12.49","TELNET","Telnet Data ..."
"473","173.648242","150.1.11.17","10.2.12.49","TCP","[TCP Keep-Alive] 51056 > telnet [PSH, ACK] Seq=27 Ack=67 Win=4062 Len=1"
"474","173.776069","150.1.11.17","10.2.12.49","TELNET","Telnet Data ..."
"475","173.776294","150.1.11.17","10.2.12.49","TCP","[TCP Keep-Alive] 51056 > telnet [PSH, ACK] Seq=28 Ack=67 Win=4062 Len=1"
"476","173.819970","10.2.12.49","150.1.11.17","TCP","telnet > 51056 [ACK] Seq=67 Ack=29 Win=4100 Len=0"
"477","173.821346","10.2.12.49","150.1.11.17","TCP","[TCP Keep-Alive ACK] telnet > 51056 [ACK] Seq=67 Ack=29 Win=4100 Len=0"
"478","173.822796","150.1.11.17","10.2.12.49","TELNET","Telnet Data ..."
"479","173.833271","150.1.11.17","10.2.12.49","TCP","[TCP Keep-Alive] 51056 > telnet [PSH, ACK] Seq=29 Ack=67 Win=4062 Len=1"
"480","174.046536","10.2.12.49","150.1.11.17","TCP","telnet > 51056 [ACK] Seq=67 Ack=30 Win=4099 Len=0"
"481","174.049157","10.2.12.49","150.1.11.17","TCP","[TCP Keep-Alive ACK] telnet > 51056 [ACK] Seq=67 Ack=30 Win=4099 Len=0"
"482","174.056141","150.1.11.17","10.2.12.49","TELNET","Telnet Data ..."
"483","174.060838","150.1.11.17","10.2.12.49","TELNET","[TCP Retransmission] Telnet Data ..."
"484","174.068646","10.2.12.49","150.1.11.17","TELNET","Telnet Data ..."
"485","174.073304","10.2.12.49","150.1.11.17","TELNET","[TCP Retransmission] Telnet Data ..."
"486","174.277940","150.1.11.17","10.2.12.49","TCP","51056 > telnet [ACK] Seq=32 Ack=75 Win=4054 Len=0"
"487","174.278148","150.1.11.17","10.2.12.49","TCP","[TCP Dup ACK 486#1] 51056 > telnet [ACK] Seq=32 Ack=75 Win=4054 Len=0"
"488","174.535903","192.168.1.49","224.0.0.2","LDP","Hello Message "
"489","174.540216","150.1.11.17","10.2.12.49","TELNET","Telnet Data ..."
"490","174.544602","150.1.11.17","10.2.12.49","TELNET","[TCP Retransmission] Telnet Data ..."
"491","174.554471","10.2.12.49","150.1.11.17","TELNET","Telnet Data ..."
"492","174.559521","10.2.12.49","150.1.11.17","TELNET","[TCP Retransmission] Telnet Data ..."
"493","174.588947","10.2.12.49","150.1.11.17","TELNET","Telnet Data ..."
"494","174.589195","10.2.12.49","150.1.11.17","TELNET","[TCP Out-Of-Order] Telnet Data ..."
"495","174.672086","150.1.11.17","10.2.12.49","TELNET","Telnet Data ..."
"496","174.672329","150.1.11.17","10.2.12.49","TELNET","[TCP Out-Of-Order] Telnet Data ..."
"497","174.696712","10.2.12.49","150.1.11.17","TELNET","Telnet Data ..."
"498","174.697269","10.2.12.49","150.1.11.17","TELNET","[TCP Out-Of-Order] Telnet Data ..."
"499","174.700408","10.2.12.49","150.1.11.17","TELNET","Telnet Data ..."
"500","174.702306","10.2.12.49","150.1.11.17","TELNET","[TCP Out-Of-Order] Telnet Data ..."
"501","174.780619","150.1.11.17","10.2.12.49","TELNET","Telnet Data ..."
"502","174.781890","150.1.11.17","10.2.12.49","TELNET","[TCP Out-Of-Order] Telnet Data ..."
"503","174.794240","10.2.12.49","150.1.11.17","TELNET","Telnet Data ..."
"504","174.796960","10.2.12.49","150.1.11.17","TELNET","[TCP Out-Of-Order] Telnet Data ..."
"505","174.829617","10.2.12.49","150.1.11.17","TELNET","Telnet Data ..."
"506","174.829883","10.2.12.49","150.1.11.17","TELNET","[TCP Out-Of-Order] Telnet Data ..."
"507","175.002467","150.1.11.17","10.2.12.49","TCP","51056 > telnet [ACK] Seq=38 Ack=99 Win=4030 Len=0"
"508","175.002680","150.1.11.17","10.2.12.49","TCP","[TCP Dup ACK 507#1] 51056 > telnet [ACK] Seq=38 Ack=99 Win=4030 Len=0"
"509","175.248429","150.1.11.17","10.2.12.49","TELNET","Telnet Data ..."
"510","175.249140","150.1.11.17","10.2.12.49","TCP","[TCP Keep-Alive] 51056 > telnet [PSH, ACK] Seq=38 Ack=99 Win=4030 Len=1"
"511","175.256732","10.2.12.49","150.1.11.17","TELNET","Telnet Data ..."
"512","175.261351","10.2.12.49","150.1.11.17","TCP","[TCP Keep-Alive] telnet > 51056 [PSH, ACK] Seq=99 Ack=39 Win=4090 Len=1"
"513","175.312048","150.1.11.17","10.2.12.49","TELNET","Telnet Data ..."
"514","175.312292","150.1.11.17","10.2.12.49","TCP","[TCP Keep-Alive] 51056 > telnet [PSH, ACK] Seq=39 Ack=100 Win=4029 Len=1"
"515","175.327433","10.2.12.49","150.1.11.17","TELNET","Telnet Data ..."
"516","175.329309","10.2.12.49","150.1.11.17","TCP","[TCP Keep-Alive] telnet > 51056 [PSH, ACK] Seq=100 Ack=40 Win=4089 Len=1"
"517","175.506395","150.1.11.17","10.2.12.49","TELNET","Telnet Data ..."
"518","175.510665","150.1.11.17","10.2.12.49","TELNET","[TCP Retransmission] Telnet Data ..."
"519","175.516446","10.2.12.49","150.1.11.17","TELNET","Telnet Data ..."
"520","175.522119","10.2.12.49","150.1.11.17","TELNET","Telnet Data ..."
"521","175.522226","10.2.12.49","150.1.11.17","TELNET","[TCP Out-Of-Order] Telnet Data ..."
"522","175.522290","10.2.12.49","150.1.11.17","TELNET","[TCP Out-Of-Order] Telnet Data ..."
"523","175.718884","150.1.11.17","10.2.12.49","TCP","51056 > telnet [ACK] Seq=42 Ack=113 Win=4016 Len=0"
"524","175.722354","150.1.11.17","10.2.12.49","TCP","[TCP Dup ACK 523#1] 51056 > telnet [ACK] Seq=42 Ack=113 Win=4016 Len=0"
"525","175.763785","192.168.1.49","224.0.0.10","EIGRP","Hello"
"526","176.064255","192.168.1.50","224.0.0.2","LDP","Hello Message "
"527","176.187504","192.168.1.50","224.0.0.10","EIGRP","Hello"
"528","176.282689","150.1.11.17","10.2.12.49","TELNET","Telnet Data ..."
"529","176.282921","150.1.11.17","10.2.12.49","TCP","[TCP Keep-Alive] 51056 > telnet [PSH, ACK] Seq=42 Ack=113 Win=4016 Len=1"
"530","176.481584","150.1.11.17","10.2.12.49","TELNET","Telnet Data ..."
"531","176.481833","150.1.11.17","10.2.12.49","TCP","[TCP Keep-Alive] 51056 > telnet [PSH, ACK] Seq=43 Ack=113 Win=4016 Len=1"
"532","176.529858","10.2.12.49","150.1.11.17","TCP","telnet > 51056 [ACK] Seq=113 Ack=44 Win=4085 Len=0"
"533","176.531758","10.2.12.49","150.1.11.17","TCP","[TCP Keep-Alive ACK] telnet > 51056 [ACK] Seq=113 Ack=44 Win=4085 Len=0"
"534","176.538962","150.1.11.17","10.2.12.49","TELNET","Telnet Data ..."
"535","176.539159","150.1.11.17","10.2.12.49","TCP","[TCP Keep-Alive] 51056 > telnet [PSH, ACK] Seq=44 Ack=113 Win=4016 Len=1"
"536","176.605149","150.1.11.17","10.2.12.49","TELNET","Telnet Data ..."
"537","176.605386","150.1.11.17","10.2.12.49","TCP","[TCP Keep-Alive] 51056 > telnet [PSH, ACK] Seq=45 Ack=113 Win=4016 Len=1"
"538","176.636259","150.1.11.17","10.2.12.49","TELNET","Telnet Data ..."
"539","176.636559","150.1.11.17","10.2.12.49","TCP","[TCP Keep-Alive] 51056 > telnet [PSH, ACK] Seq=46 Ack=113 Win=4016 Len=1"
"540","176.748836","10.2.12.49","150.1.11.17","TCP","telnet > 51056 [ACK] Seq=113 Ack=47 Win=4082 Len=0"
"541","176.750002","10.2.12.49","150.1.11.17","TCP","[TCP Keep-Alive ACK] telnet > 51056 [ACK] Seq=113 Ack=47 Win=4082 Len=0"
"542","177.151868","150.1.11.17","10.2.12.49","TELNET","Telnet Data ..."
"543","177.153713","150.1.11.17","10.2.12.49","TCP","[TCP Keep-Alive] 51056 > telnet [PSH, ACK] Seq=47 Ack=113 Win=4016 Len=1"
"544","177.371977","10.2.12.49","150.1.11.17","TCP","telnet > 51056 [ACK] Seq=113 Ack=48 Win=4081 Len=0"
"545","177.375729","10.2.12.49","150.1.11.17","TCP","[TCP Keep-Alive ACK] telnet > 51056 [ACK] Seq=113 Ack=48 Win=4081 Len=0"
"546","177.557782","150.1.11.17","10.2.12.49","TELNET","Telnet Data ..."
"547","177.562634","150.1.11.17","10.2.12.49","TCP","[TCP Keep-Alive] 51056 > telnet [PSH, ACK] Seq=48 Ack=113 Win=4016 Len=1"
"548","177.748095","150.1.11.17","10.2.12.49","TELNET","Telnet Data ..."
"549","177.748375","150.1.11.17","10.2.12.49","TELNET","[TCP Out-Of-Order] Telnet Data ..."
"550","177.761121","10.2.12.49","150.1.11.17","TELNET","Telnet Data ..."
"551","177.762716","10.2.12.49","150.1.11.17","TELNET","[TCP Out-Of-Order] Telnet Data ..."
"552","177.960151","150.1.11.17","10.2.12.49","TCP","51056 > telnet [ACK] Seq=51 Ack=121 Win=4008 Len=0"
"553","177.961341","150.1.11.17","10.2.12.49","TCP","[TCP Dup ACK 552#1] 51056 > telnet [ACK] Seq=51 Ack=121 Win=4008 Len=0"
"554","178.135696","","","CDP","Device ID: CE12A  Port ID: Serial0/0.113  "
"555","178.136274","","","CDP","Device ID: PE11  Port ID: Serial0/0.101  "
"556","178.136326","","","CDP","Device ID: PE11  Port ID: Serial0/0.102  "
"557","178.136363","","","CDP","Device ID: PE11  Port ID: Serial0/0.111  "
"558","178.234770","","","CDP","Device ID: PE11  Port ID: Serial0/0.113  "
"559","178.282563","","","CDP","Device ID: CE11B  Port ID: Serial0/0.102  "
"560","178.290127","","","CDP","Device ID: CE11A  Port ID: Serial0/0.101  "
"561","178.293338","","","CDP","Device ID: P11  Port ID: Serial0/0.111  "
"562","178.536133","150.1.11.17","10.2.12.49","TELNET","Telnet Data ..."
"563","178.536368","150.1.11.17","10.2.12.49","TCP","[TCP Keep-Alive] 51056 > telnet [PSH, ACK] Seq=51 Ack=121 Win=4008 Len=1"
"564","178.550529","10.2.12.49","150.1.11.17","TELNET","Telnet Data ..."
"565","178.553306","10.2.12.49","150.1.11.17","TCP","[TCP Keep-Alive] telnet > 51056 [PSH, ACK] Seq=121 Ack=52 Win=4077 Len=1"
"566","178.602595","150.1.11.17","10.2.12.49","TELNET","Telnet Data ..."
"567","178.602812","150.1.11.17","10.2.12.49","TCP","[TCP Keep-Alive] 51056 > telnet [PSH, ACK] Seq=52 Ack=122 Win=4007 Len=1"
"568","178.611035","10.2.12.49","150.1.11.17","TELNET","Telnet Data ..."
"569","178.611691","10.2.12.49","150.1.11.17","TCP","[TCP Keep-Alive] telnet > 51056 [PSH, ACK] Seq=122 Ack=53 Win=4076 Len=1"
"570","178.659946","150.1.11.17","10.2.12.49","TELNET","Telnet Data ..."
"571","178.661355","150.1.11.17","10.2.12.49","TCP","[TCP Keep-Alive] 51056 > telnet [PSH, ACK] Seq=53 Ack=123 Win=4006 Len=1"
"572","178.675834","10.2.12.49","150.1.11.17","TELNET","Telnet Data ..."
"573","178.678063","10.2.12.49","150.1.11.17","TCP","[TCP Keep-Alive] telnet > 51056 [PSH, ACK] Seq=123 Ack=54 Win=4075 Len=1"
"574","178.800715","150.1.11.17","10.2.12.49","TELNET","Telnet Data ..."
"575","178.804669","150.1.11.17","10.2.12.49","TCP","[TCP Keep-Alive] 51056 > telnet [PSH, ACK] Seq=54 Ack=124 Win=4005 Len=1"
"576","178.817590","10.2.12.49","150.1.11.17","TELNET","Telnet Data ..."
"577","178.819714","10.2.12.49","150.1.11.17","TCP","[TCP Keep-Alive] telnet > 51056 [PSH, ACK] Seq=124 Ack=55 Win=4074 Len=1"
"578","178.827293","150.1.11.17","10.2.12.49","TELNET","Telnet Data ..."
"579","178.831695","150.1.11.17","10.2.12.49","TCP","[TCP Keep-Alive] 51056 > telnet [PSH, ACK] Seq=55 Ack=125 Win=4004 Len=1"
"580","178.839065","10.2.12.49","150.1.11.17","TELNET","Telnet Data ..."
"581","178.841267","10.2.12.49","150.1.11.17","TCP","[TCP Keep-Alive] telnet > 51056 [PSH, ACK] Seq=125 Ack=56 Win=4073 Len=1"
"582","178.949038","192.168.1.49","224.0.0.2","LDP","Hello Message "
"583","178.959396","150.1.11.17","10.2.12.49","TELNET","Telnet Data ..."
"584","178.962527","150.1.11.17","10.2.12.49","TCP","[TCP Keep-Alive] 51056 > telnet [PSH, ACK] Seq=56 Ack=126 Win=4003 Len=1"
"585","179.011379","10.2.12.49","150.1.11.17","TELNET","Telnet Data ..."
"586","179.011643","10.2.12.49","150.1.11.17","TCP","[TCP Keep-Alive] telnet > 51056 [PSH, ACK] Seq=126 Ack=57 Win=4072 Len=1"
"587","179.209710","150.1.11.17","10.2.12.49","TCP","51056 > telnet [ACK] Seq=57 Ack=127 Win=4002 Len=0"
"588","179.210235","150.1.11.17","10.2.12.49","TCP","[TCP Keep-Alive ACK] 51056 > telnet [ACK] Seq=57 Ack=127 Win=4002 Len=0"
"589","179.344093","150.1.11.17","10.2.12.49","TELNET","Telnet Data ..."
"590","179.344324","150.1.11.17","10.2.12.49","TCP","[TCP Keep-Alive] 51056 > telnet [PSH, ACK] Seq=57 Ack=127 Win=4002 Len=1"
"591","179.359034","10.2.12.49","150.1.11.17","TELNET","Telnet Data ..."
"592","179.360864","10.2.12.49","150.1.11.17","TCP","[TCP Keep-Alive] telnet > 51056 [PSH, ACK] Seq=127 Ack=58 Win=4071 Len=1"
"593","179.479881","150.1.11.17","10.2.12.49","TELNET","Telnet Data ..."
"594","179.480073","150.1.11.17","10.2.12.49","TCP","[TCP Keep-Alive] 51056 > telnet [PSH, ACK] Seq=58 Ack=128 Win=4001 Len=1"
"595","179.490610","10.2.12.49","150.1.11.17","TELNET","Telnet Data ..."
"596","179.493337","10.2.12.49","150.1.11.17","TCP","[TCP Keep-Alive] telnet > 51056 [PSH, ACK] Seq=128 Ack=59 Win=4070 Len=1"
"597","179.703521","150.1.11.17","10.2.12.49","TCP","51056 > telnet [ACK] Seq=59 Ack=129 Win=4000 Len=0"
"598","179.703753","150.1.11.17","10.2.12.49","TCP","[TCP Keep-Alive ACK] 51056 > telnet [ACK] Seq=59 Ack=129 Win=4000 Len=0"
"599","179.785690","150.1.11.17","10.2.12.49","TELNET","Telnet Data ..."
"600","179.786000","150.1.11.17","10.2.12.49","TCP","[TCP Keep-Alive] 51056 > telnet [PSH, ACK] Seq=59 Ack=129 Win=4000 Len=1"
"601","179.798047","10.2.12.49","150.1.11.17","TELNET","Telnet Data ..."
"602","179.799720","10.2.12.49","150.1.11.17","TCP","[TCP Keep-Alive] telnet > 51056 [PSH, ACK] Seq=129 Ack=60 Win=4069 Len=1"
"603","180.016371","150.1.11.17","10.2.12.49","TELNET","Telnet Data ..."
"604","180.016614","150.1.11.17","10.2.12.49","TELNET","[TCP Out-Of-Order] Telnet Data ..."
"605","180.036688","10.2.12.49","150.1.11.17","TELNET","Telnet Data ..."
"606","180.038380","10.2.12.49","150.1.11.17","TELNET","[TCP Out-Of-Order] Telnet Data ..."
"607","180.038587","192.168.1.49","224.0.0.10","EIGRP","Hello"
"608","180.063969","10.2.12.49","150.1.11.17","TELNET","Telnet Data ..."
"609","180.063995","192.168.1.50","224.0.0.2","LDP","Hello Message "
"610","180.064172","10.2.12.49","150.1.11.17","TELNET","[TCP Out-Of-Order] Telnet Data ..."
"611","180.068352","150.1.11.17","10.2.12.49","TCP","51056 > telnet [ACK] Seq=62 Ack=668 Win=4128 Len=0"
"612","180.070314","150.1.11.17","10.2.12.49","TCP","[TCP Dup ACK 611#1] 51056 > telnet [ACK] Seq=62 Ack=668 Win=4128 Len=0"
"613","180.082629","10.2.12.49","150.1.11.17","TELNET","Telnet Data ..."
"614","180.083767","10.2.12.49","150.1.11.17","TELNET","[TCP Out-Of-Order] Telnet Data ..."
"615","180.313900","150.1.11.17","10.2.12.49","TCP","51056 > telnet [ACK] Seq=62 Ack=1154 Win=3642 Len=0"
"616","180.314159","150.1.11.17","10.2.12.49","TCP","[TCP Dup ACK 615#1] 51056 > telnet [ACK] Seq=62 Ack=1154 Win=3642 Len=0"
"617","180.778292","192.168.1.50","224.0.0.10","EIGRP","Hello"
"618","180.944180","150.1.11.17","10.2.12.49","TELNET","Telnet Data ..."
"619","180.946689","150.1.11.17","10.2.12.49","TELNET","[TCP Out-Of-Order] Telnet Data ..."
"620","180.961912","10.2.12.49","150.1.11.17","TELNET","Telnet Data ..."
"621","180.962789","10.2.12.49","150.1.11.17","TELNET","Telnet Data ..."
"622","180.963765","10.2.12.49","150.1.11.17","TELNET","[TCP Out-Of-Order] Telnet Data ..."
"623","180.963824","10.2.12.49","150.1.11.17","TELNET","[TCP Out-Of-Order] Telnet Data ..."
"624","181.089559","150.1.11.17","10.2.12.49","TELNET","Telnet Data ..."
"625","181.089802","150.1.11.17","10.2.12.49","TELNET","[TCP Out-Of-Order] Telnet Data ..."
"626","181.100208","10.2.12.49","150.1.11.17","TELNET","Telnet Data ..."
"627","181.103751","10.2.12.49","150.1.11.17","TELNET","[TCP Retransmission] Telnet Data ..."
"628","181.133627","10.2.12.49","150.1.11.17","TELNET","Telnet Data ..."
"629","181.133882","10.2.12.49","150.1.11.17","TELNET","[TCP Out-Of-Order] Telnet Data ..."
"630","181.334889","150.1.11.17","10.2.12.49","TCP","51056 > telnet [ACK] Seq=66 Ack=1170 Win=3626 Len=0"
"631","181.336527","150.1.11.17","10.2.12.49","TCP","[TCP Dup ACK 630#1] 51056 > telnet [ACK] Seq=66 Ack=1170 Win=3626 Len=0"
"632","182.857162","","","Q.933","STATUS ENQUIRY"
"633","182.857290","","","Q.933","STATUS"
"634","182.934465","150.1.11.17","224.0.0.5","OSPF","Hello Packet"
"635","183.361673","150.1.11.17","10.2.12.49","TELNET","Telnet Data ..."
"636","183.361915","150.1.11.17","10.2.12.49","TCP","[TCP Keep-Alive] 51056 > telnet [PSH, ACK] Seq=66 Ack=1170 Win=3626 Len=1"
"637","183.373204","10.2.12.49","150.1.11.17","TELNET","Telnet Data ..."
"638","183.375139","10.2.12.49","150.1.11.17","TCP","[TCP Keep-Alive] telnet > 51056 [PSH, ACK] Seq=1170 Ack=67 Win=4062 Len=1"
"639","183.469015","150.1.11.17","10.2.12.49","TELNET","Telnet Data ..."
"640","183.469250","150.1.11.17","10.2.12.49","TCP","[TCP Keep-Alive] 51056 > telnet [PSH, ACK] Seq=67 Ack=1171 Win=3625 Len=1"
"641","183.481983","10.2.12.49","150.1.11.17","TELNET","Telnet Data ..."
"642","183.485270","10.2.12.49","150.1.11.17","TCP","[TCP Keep-Alive] telnet > 51056 [PSH, ACK] Seq=1171 Ack=68 Win=4061 Len=1"
"643","183.565654","150.1.11.17","10.2.12.49","TELNET","Telnet Data ..."
"644","183.566621","150.1.11.17","10.2.12.49","TCP","[TCP Keep-Alive] 51056 > telnet [PSH, ACK] Seq=68 Ack=1172 Win=3624 Len=1"
"645","183.582000","10.2.12.49","150.1.11.17","TELNET","Telnet Data ..."
"646","183.583706","10.2.12.49","150.1.11.17","TCP","[TCP Keep-Alive] telnet > 51056 [PSH, ACK] Seq=1172 Ack=69 Win=4060 Len=1"
"647","183.719972","150.1.11.17","10.2.12.49","TELNET","Telnet Data ..."
"648","183.720211","150.1.11.17","10.2.12.49","TCP","[TCP Keep-Alive] 51056 > telnet [PSH, ACK] Seq=69 Ack=1173 Win=3623 Len=1"
"649","183.728643","10.2.12.49","150.1.11.17","TELNET","Telnet Data ..."
"650","183.731686","10.2.12.49","150.1.11.17","TCP","[TCP Keep-Alive] telnet > 51056 [PSH, ACK] Seq=1173 Ack=70 Win=4059 Len=1"
"651","183.736545","192.168.1.49","224.0.0.2","LDP","Hello Message "
"652","183.941180","150.1.11.17","10.2.12.49","TCP","51056 > telnet [ACK] Seq=70 Ack=1174 Win=3622 Len=0"
"653","183.942324","150.1.11.17","10.2.12.49","TCP","[TCP Keep-Alive ACK] 51056 > telnet [ACK] Seq=70 Ack=1174 Win=3622 Len=0"
"654","184.033769","150.1.11.17","10.2.12.49","TELNET","Telnet Data ..."
"655","184.034357","150.1.11.17","10.2.12.49","TELNET","[TCP Out-Of-Order] Telnet Data ..."
"656","184.048388","10.2.12.49","150.1.11.17","TELNET","Telnet Data ..."
"657","184.050381","10.2.12.49","150.1.11.17","TELNET","[TCP Out-Of-Order] Telnet Data ..."
"658","184.080475","192.168.1.50","224.0.0.2","LDP","Hello Message "
"659","184.180702","10.2.12.49","150.1.11.17","TELNET","Telnet Data ..."
"660","184.182376","10.2.12.49","150.1.11.17","TELNET","[TCP Out-Of-Order] Telnet Data ..."
"661","184.213224","10.2.12.49","150.1.11.17","TCP","telnet > 51056 [FIN, PSH, ACK] Seq=1182 Ack=72 Win=4057 Len=0"
"662","184.213817","10.2.12.49","150.1.11.17","TCP","telnet > 51056 [FIN, PSH, ACK] Seq=1182 Ack=72 Win=4057 Len=0"
"663","184.216887","150.1.11.17","10.2.12.49","TCP","51056 > telnet [ACK] Seq=72 Ack=1183 Win=3614 Len=0"
"664","184.217308","150.1.11.17","10.2.12.49","TCP","[TCP Dup ACK 663#1] 51056 > telnet [ACK] Seq=72 Ack=1183 Win=3614 Len=0"
"665","184.232072","150.1.11.17","10.2.12.49","TCP","51056 > telnet [FIN, PSH, ACK] Seq=72 Ack=1183 Win=3614 Len=0"
"666","184.233330","150.1.11.17","10.2.12.49","TCP","51056 > telnet [FIN, PSH, ACK] Seq=72 Ack=1183 Win=3614 Len=0"
"667","184.242132","10.2.12.49","150.1.11.17","TCP","telnet > 51056 [ACK] Seq=1183 Ack=73 Win=4057 Len=0"
"668","184.247073","10.2.12.49","150.1.11.17","TCP","[TCP Dup ACK 667#1] telnet > 51056 [ACK] Seq=1183 Ack=73 Win=4057 Len=0"
"669","184.351269","192.168.1.49","224.0.0.10","EIGRP","Hello"
"670","185.571930","192.168.1.50","224.0.0.10","EIGRP","Hello"
